,ReLU,Leaky ReLU,ELU
EEGNet,72.22222222222223,72.22222222222223,71.57407407407408
DeepConvNet,72.22222222222223,73.05555555555556,72.87037037037037
